r,100,100,0.3,1,faolr,0,0,0,11,145,0,0,87,0,heuristic,14
r,100,100,0.3,2,faolr,0,0,0,20,142,0,0,81,0,heuristic,23
r,100,100,0.3,3,faolr,0,0,0,12,145,0,0,106,0,heuristic,15
r,100,100,0.3,4,faolr,0,0,0,9,137,0,0,67,0,heuristic,11
r,100,100,0.3,5,faolr,0,0,0,14,145,0,0,133,0,heuristic,16
r,100,100,0.6,1,faolr,0,0,0,11,143,0,0,97,0,heuristic,13
r,100,100,0.6,2,faolr,0,0,0,10,133,0,0,59,0,heuristic,12
r,100,100,0.6,3,faolr,0,0,0,12,128,0,0,53,0,heuristic,14
r,100,100,0.6,4,faolr,0,0,0,13,157,0,0,134,0,heuristic,15
r,100,100,0.6,5,faolr,0,0,0,17,142,0,0,86,0,heuristic,19
r,100,100,0.9,1,faolr,0,0,0,11,162,0,0,92,0,heuristic,13
r,100,100,0.9,2,faolr,0,0,0,11,150,0,0,66,0,heuristic,13
r,100,100,0.9,3,faolr,0,0,0,16,143,0,0,65,0,heuristic,19
r,100,100,0.9,4,faolr,0,0,0,10,145,0,0,71,0,heuristic,12
r,100,100,0.9,5,faolr,0,0,0,12,145,0,0,76,0,heuristic,15
r,100,25,0.3,1,faolr,0,0,0,4,132,0,0,231,0,heuristic,4
r,100,25,0.3,2,faolr,0,0,0,4,137,0,0,219,0,heuristic,5
r,100,25,0.3,3,faolr,0,0,0,3,132,0,0,177,0,heuristic,3
r,100,25,0.3,4,faolr,0,0,0,3,134,0,0,151,0,heuristic,4
r,100,25,0.3,5,faolr,0,0,0,3,151,0,0,340,0,heuristic,4
r,100,25,0.6,1,faolr,0,0,0,4,140,0,0,202,0,heuristic,4
r,100,25,0.6,2,faolr,0,0,0,4,138,0,0,235,0,heuristic,5
r,100,25,0.6,3,faolr,0,0,0,5,139,0,0,187,0,heuristic,6
r,100,25,0.6,4,faolr,0,0,0,5,136,0,0,135,0,heuristic,6
r,100,25,0.6,5,faolr,0,0,0,4,144,0,0,293,0,heuristic,5
r,100,25,0.9,1,faolr,0,0,0,3,132,0,0,126,0,heuristic,3
r,100,25,0.9,2,faolr,0,0,0,6,139,0,0,209,0,heuristic,6
r,100,25,0.9,3,faolr,0,0,0,4,141,0,0,137,0,heuristic,4
r,100,25,0.9,4,faolr,0,0,0,3,127,0,0,106,0,heuristic,4
r,100,25,0.9,5,faolr,0,0,0,4,144,0,0,106,0,heuristic,5
r,100,50,0.3,1,faolr,0,0,0,5,136,0,0,96,0,heuristic,6
r,100,50,0.3,2,faolr,0,0,0,8,138,0,0,123,0,heuristic,9
r,100,50,0.3,3,faolr,0,0,0,11,141,0,0,161,0,heuristic,12
r,100,50,0.3,4,faolr,0,0,0,7,152,0,0,135,0,heuristic,8
r,100,50,0.3,5,faolr,0,0,0,10,144,0,0,118,0,heuristic,12
r,100,50,0.6,1,faolr,0,0,0,7,153,0,0,212,0,heuristic,9
r,100,50,0.6,2,faolr,0,0,0,5,134,0,0,104,0,heuristic,7
r,100,50,0.6,3,faolr,0,0,0,6,133,0,0,94,0,heuristic,7
r,100,50,0.6,4,faolr,0,0,0,6,134,0,0,97,0,heuristic,7
r,100,50,0.6,5,faolr,0,0,0,7,141,0,0,127,0,heuristic,9
r,100,50,0.9,1,faolr,0,0,0,5,137,0,0,69,0,heuristic,7
r,100,50,0.9,2,faolr,0,0,0,7,134,0,0,95,0,heuristic,8
r,100,50,0.9,3,faolr,0,0,0,9,135,0,0,90,0,heuristic,10
r,100,50,0.9,4,faolr,0,0,0,6,144,0,0,85,0,heuristic,7
r,100,50,0.9,5,faolr,0,0,0,5,130,0,0,67,0,heuristic,7
r,100,75,0.3,1,faolr,0,0,0,9,136,0,0,72,0,heuristic,11
r,100,75,0.3,2,faolr,0,0,0,8,136,0,0,74,0,heuristic,10
r,100,75,0.3,3,faolr,0,0,0,7,143,0,0,87,0,heuristic,9
r,100,75,0.3,4,faolr,0,0,0,10,138,0,0,89,0,heuristic,12
r,100,75,0.3,5,faolr,0,0,0,9,135,0,0,89,0,heuristic,11
r,100,75,0.6,1,faolr,0,0,0,8,134,0,0,75,0,heuristic,9
r,100,75,0.6,2,faolr,0,0,0,7,146,0,0,131,0,heuristic,9
r,100,75,0.6,3,faolr,0,0,0,9,139,0,0,86,0,heuristic,11
r,100,75,0.6,4,faolr,0,0,0,7,153,0,0,103,0,heuristic,10
r,100,75,0.6,5,faolr,0,0,0,7,136,0,0,81,0,heuristic,9
r,100,75,0.9,1,faolr,0,0,0,19,144,0,0,86,0,heuristic,21
r,100,75,0.9,2,faolr,0,0,0,13,149,0,0,99,0,heuristic,15
r,100,75,0.9,3,faolr,0,0,0,11,146,0,0,75,0,heuristic,13
r,100,75,0.9,4,faolr,0,0,0,9,145,0,0,87,0,heuristic,11
r,100,75,0.9,5,faolr,0,0,0,9,144,0,0,96,0,heuristic,10
r,200,100,0.3,1,faolr,0,0,0,358,294,0,0,175,0,heuristic,386
r,200,100,0.3,2,faolr,0,0,0,453,313,0,0,165,0,heuristic,481
r,200,100,0.3,3,faolr,0,0,0,152,307,0,0,128,0,heuristic,179
r,200,100,0.3,4,faolr,0,0,0,164,312,0,0,148,0,heuristic,191
r,200,100,0.3,5,faolr,0,0,0,488,321,0,0,206,0,heuristic,517
r,200,100,0.6,1,faolr,0,0,0,326,310,0,0,161,0,heuristic,353
r,200,100,0.6,2,faolr,0,0,0,331,308,0,0,171,0,heuristic,359
r,200,100,0.6,3,faolr,0,0,0,271,315,0,0,156,0,heuristic,299
r,200,100,0.6,4,faolr,0,0,0,417,286,0,0,159,0,heuristic,445
r,200,100,0.6,5,faolr,0,0,0,156,296,0,0,122,0,heuristic,183
r,200,100,0.9,1,faolr,0,0,0,214,315,0,0,127,0,heuristic,241
r,200,100,0.9,2,faolr,0,0,0,354,304,0,0,129,0,heuristic,381
r,200,100,0.9,3,faolr,0,0,0,232,334,0,0,142,0,heuristic,261
r,200,100,0.9,4,faolr,0,0,0,290,321,0,0,126,0,heuristic,317
r,200,100,0.9,5,faolr,0,0,0,166,336,0,0,150,0,heuristic,194
r,200,25,0.3,1,faolr,0,0,0,98,286,0,0,264,0,heuristic,104
r,200,25,0.3,2,faolr,0,0,0,109,286,0,0,259,0,heuristic,115
r,200,25,0.3,3,faolr,0,0,0,31,258,0,0,215,0,heuristic,37
r,200,25,0.3,4,faolr,0,0,0,54,282,0,0,265,0,heuristic,60
r,200,25,0.3,5,faolr,0,0,0,34,285,0,0,280,0,heuristic,40
r,200,25,0.6,1,faolr,0,0,0,37,274,0,0,202,0,heuristic,43
r,200,25,0.6,2,faolr,0,0,0,41,295,0,0,230,0,heuristic,48
r,200,25,0.6,3,faolr,0,0,0,71,275,0,0,216,0,heuristic,77
r,200,25,0.6,4,faolr,0,0,0,40,279,0,0,239,0,heuristic,46
r,200,25,0.6,5,faolr,0,0,0,49,273,0,0,225,0,heuristic,55
r,200,25,0.9,1,faolr,0,0,0,36,277,0,0,188,0,heuristic,42
r,200,25,0.9,2,faolr,0,0,0,96,290,0,0,247,0,heuristic,103
r,200,25,0.9,3,faolr,0,0,0,64,291,0,0,180,0,heuristic,70
r,200,25,0.9,4,faolr,0,0,0,121,296,0,0,215,0,heuristic,127
r,200,25,0.9,5,faolr,0,0,0,40,292,0,0,193,0,heuristic,46
r,200,50,0.3,1,faolr,0,0,0,92,296,0,0,200,0,heuristic,104
r,200,50,0.3,2,faolr,0,0,0,92,314,0,0,198,0,heuristic,106
r,200,50,0.3,3,faolr,0,0,0,88,293,0,0,191,0,heuristic,102
r,200,50,0.3,4,faolr,0,0,0,280,313,0,0,280,0,heuristic,296
r,200,50,0.3,5,faolr,0,0,0,107,285,0,0,159,0,heuristic,122
r,200,50,0.6,1,faolr,0,0,0,97,275,0,0,139,0,heuristic,112
r,200,50,0.6,2,faolr,0,0,0,129,278,0,0,159,0,heuristic,143
r,200,50,0.6,3,faolr,0,0,0,86,296,0,0,168,0,heuristic,100
r,200,50,0.6,4,faolr,0,0,0,57,288,0,0,166,0,heuristic,71
r,200,50,0.6,5,faolr,0,0,0,269,286,0,0,184,0,heuristic,282
r,200,50,0.9,1,faolr,0,0,0,82,292,0,0,138,0,heuristic,96
r,200,50,0.9,2,faolr,0,0,0,239,306,0,0,165,0,heuristic,254
r,200,50,0.9,3,faolr,0,0,0,233,291,0,0,187,0,heuristic,247
r,200,50,0.9,4,faolr,0,0,0,68,284,0,0,112,0,heuristic,83
r,200,50,0.9,5,faolr,0,0,0,119,297,0,0,144,0,heuristic,134
r,200,75,0.3,1,faolr,0,0,0,185,299,0,0,160,0,heuristic,207
r,200,75,0.3,2,faolr,0,0,0,133,301,0,0,146,0,heuristic,154
r,200,75,0.3,3,faolr,0,0,0,210,301,0,0,176,0,heuristic,234
r,200,75,0.3,4,faolr,0,0,0,114,305,0,0,147,0,heuristic,136
r,200,75,0.3,5,faolr,0,0,0,136,292,0,0,117,0,heuristic,157
r,200,75,0.6,1,faolr,0,0,0,298,298,0,0,175,0,heuristic,320
r,200,75,0.6,2,faolr,0,0,0,155,301,0,0,158,0,heuristic,178
r,200,75,0.6,3,faolr,0,0,0,257,323,0,0,180,0,heuristic,280
r,200,75,0.6,4,faolr,0,0,0,212,308,0,0,175,0,heuristic,234
r,200,75,0.6,5,faolr,0,0,0,109,295,0,0,139,0,heuristic,131
r,200,75,0.9,1,faolr,0,0,0,129,306,0,0,132,0,heuristic,152
r,200,75,0.9,2,faolr,0,0,0,135,315,0,0,150,0,heuristic,158
r,200,75,0.9,3,faolr,0,0,0,139,304,0,0,123,0,heuristic,162
r,200,75,0.9,4,faolr,0,0,0,486,313,0,0,183,0,heuristic,509
r,200,75,0.9,5,faolr,0,0,0,178,307,0,0,130,0,heuristic,202
r,300,25,0.3,1,faolr,0,0,0,888,451,0,0,352,0,heuristic,912
r,300,25,0.3,2,faolr,0,0,0,1501,451,0,0,401,0,heuristic,1524
r,300,25,0.3,3,faolr,0,0,0,341,433,0,0,269,0,heuristic,364
r,300,25,0.3,4,faolr,0,0,0,289,425,0,0,299,0,heuristic,312
r,300,25,0.3,5,faolr,0,0,0,683,431,0,0,294,0,heuristic,706
r,300,25,0.6,1,faolr,0,0,0,536,431,0,0,314,0,heuristic,560
r,300,25,0.6,2,faolr,0,0,0,727,438,0,0,341,0,heuristic,750
r,300,25,0.6,3,faolr,0,0,0,270,424,0,0,289,0,heuristic,293
r,300,25,0.6,4,faolr,0,0,0,1776,431,0,0,330,0,heuristic,1799
r,300,25,0.6,5,faolr,0,0,0,254,433,0,0,274,0,heuristic,277
r,300,25,0.9,1,faolr,0,0,0,857,457,0,0,280,0,heuristic,880
r,300,25,0.9,2,faolr,0,0,0,297,436,0,0,238,0,heuristic,319
r,300,25,0.9,3,faolr,0,0,0,1359,462,0,0,290,0,heuristic,1383
r,300,25,0.9,4,faolr,0,0,0,1057,431,0,0,247,0,heuristic,1080
r,300,25,0.9,5,faolr,0,0,0,1251,449,0,0,295,0,heuristic,1275
r,300,50,0.3,1,faolr,0,0,0,983,477,0,0,313,0,heuristic,1230
r,300,50,0.3,2,faolr,0,0,0,768,453,0,0,261,0,heuristic,1013
r,300,50,0.3,3,faolr,0,0,0,1434,453,0,0,238,0,heuristic,1678
r,300,50,0.3,4,faolr,0,0,0,1199,443,0,0,233,0,heuristic,1467
r,300,50,0.3,5,faolr,0,0,0,897,470,0,0,269,0,heuristic,1143
r,300,50,0.6,1,faolr,0,0,0,2296,471,0,0,345,0,heuristic,2547
r,300,50,0.6,2,faolr,0,0,0,762,449,0,0,213,0,heuristic,1011
r,300,50,0.6,3,faolr,0,0,0,965,451,0,0,272,0,heuristic,1204
r,300,50,0.6,4,faolr,0,0,0,1225,461,0,0,243,0,heuristic,1475
r,300,50,0.6,5,faolr,0,0,0,2734,459,0,0,288,0,heuristic,3038
r,300,50,0.9,1,faolr,0,0,0,1225,466,0,0,196,0,heuristic,1491
r,300,50,0.9,2,faolr,0,0,0,677,478,0,0,221,0,heuristic,923
r,300,50,0.9,3,faolr,0,0,0,1934,459,0,0,198,0,heuristic,2194
r,300,50,0.9,4,faolr,0,0,0,817,453,0,0,164,0,heuristic,1061
r,300,50,0.9,5,faolr,0,0,0,1518,466,0,0,209,0,heuristic,1749
r,300,75,0.3,1,faolr,0,0,0,1022,470,0,0,212,0,heuristic,1656
r,300,75,0.3,2,faolr,0,0,0,4562,473,0,0,244,0,heuristic,5214
r,300,75,0.3,3,faolr,0,0,0,1024,439,0,0,199,0,heuristic,1652
r,300,75,0.3,4,faolr,0,0,0,1889,469,0,0,217,0,heuristic,2396
r,300,75,0.3,5,faolr,0,0,0,1771,462,0,0,250,0,heuristic,2279
r,300,75,0.6,1,faolr,0,0,0,932,481,0,0,215,0,heuristic,1541
r,300,75,0.6,2,faolr,0,0,0,2037,496,0,0,259,0,heuristic,2574
r,300,75,0.6,3,faolr,0,0,0,1609,474,0,0,211,0,heuristic,2363
r,300,75,0.6,4,faolr,0,0,0,1084,467,0,0,235,0,heuristic,1713
r,300,75,0.6,5,faolr,0,0,0,1705,497,0,0,247,0,heuristic,2294
r,300,75,0.9,1,faolr,0,0,0,2143,484,0,0,220,0,heuristic,2655
r,300,75,0.9,2,faolr,0,0,0,2127,503,0,0,222,0,heuristic,2776
r,300,75,0.9,3,faolr,0,0,0,923,503,0,0,199,0,heuristic,1613
r,300,75,0.9,4,faolr,0,0,0,1792,513,0,0,245,0,heuristic,2321
r,300,75,0.9,5,faolr,0,0,0,3583,520,0,0,299,0,heuristic,4193
100,10,0.3,1,faolp,0,0,0,10,272,0,0,2359,0,heuristic,3610
100,10,0.3,2,faolp,0,0,0,8,265,0,0,4797,0,heuristic,145
100,10,0.3,3,faolp,0,0,0,8,265,0,0,3917,0,heuristic,156
100,10,0.3,4,faolp,0,0,0,8,263,0,0,4219,0,heuristic,3004
100,10,0.3,5,faolp,0,0,0,8,286,0,0,6150,0,heuristic,2902
100,10,0.6,1,faolp,0,0,0,6,191,0,0,1308,0,heuristic,25
100,10,0.6,2,faolp,0,0,0,4,186,0,0,3684,0,heuristic,20
100,10,0.6,3,faolp,0,0,0,4,195,0,0,1563,0,heuristic,10
100,10,0.6,4,faolp,0,0,0,5,203,0,0,3383,0,heuristic,23
100,10,0.6,5,faolp,0,0,0,4,194,0,0,2998,0,heuristic,17
100,10,0.9,1,faolp,0,0,0,2,146,0,0,265,0,heuristic,2
100,10,0.9,2,faolp,0,0,0,3,136,0,0,1005,0,heuristic,3
100,10,0.9,3,faolp,0,0,0,2,138,0,0,519,0,heuristic,2
100,10,0.9,4,faolp,0,0,0,3,138,0,0,1312,0,heuristic,4
100,10,0.9,5,faolp,0,0,0,3,149,0,0,1063,0,heuristic,3
100,25,0.3,1,faolp,0,0,0,5,203,0,0,632,0,heuristic,6
100,25,0.3,2,faolp,0,0,0,7,242,0,0,2871,0,heuristic,8
100,25,0.3,3,faolp,0,0,0,5,203,0,0,1244,0,heuristic,6
100,25,0.3,4,faolp,0,0,0,6,247,0,0,2024,0,heuristic,7
100,25,0.3,5,faolp,0,0,0,7,231,0,0,1998,0,heuristic,7
100,25,0.6,1,faolp,0,0,0,3,200,0,0,461,0,heuristic,4
100,25,0.6,2,faolp,0,0,0,4,172,0,0,1208,0,heuristic,5
100,25,0.6,3,faolp,0,0,0,5,193,0,0,1248,0,heuristic,7
100,25,0.6,4,faolp,0,0,0,3,180,0,0,1008,0,heuristic,4
100,25,0.6,5,faolp,0,0,0,4,190,0,0,1601,0,heuristic,5
100,25,0.9,1,faolp,0,0,0,3,141,0,0,175,0,heuristic,3
100,25,0.9,2,faolp,0,0,0,2,132,0,0,397,0,heuristic,3
100,25,0.9,3,faolp,0,0,0,7,142,0,0,385,0,heuristic,7
100,25,0.9,4,faolp,0,0,0,2,129,0,0,293,0,heuristic,3
100,25,0.9,5,faolp,0,0,0,3,151,0,0,733,0,heuristic,3
100,50,0.3,1,faolp,0,0,0,4,157,0,0,293,0,heuristic,4
100,50,0.3,2,faolp,0,0,0,4,159,0,0,892,0,heuristic,5
100,50,0.3,3,faolp,0,0,0,4,151,0,0,643,0,heuristic,4
100,50,0.3,4,faolp,0,0,0,5,153,0,0,754,0,heuristic,6
100,50,0.3,5,faolp,0,0,0,4,153,0,0,763,0,heuristic,5
100,50,0.6,1,faolp,0,0,0,3,143,0,0,189,0,heuristic,4
100,50,0.6,2,faolp,0,0,0,3,147,0,0,536,0,heuristic,4
100,50,0.6,3,faolp,0,0,0,3,142,0,0,386,0,heuristic,4
100,50,0.6,4,faolp,0,0,0,3,151,0,0,659,0,heuristic,4
100,50,0.6,5,faolp,0,0,0,3,139,0,0,510,0,heuristic,4
100,50,0.9,1,faolp,0,0,0,3,135,0,0,101,0,heuristic,3
100,50,0.9,2,faolp,0,0,0,3,125,0,0,238,0,heuristic,3
100,50,0.9,3,faolp,0,0,0,3,119,0,0,110,0,heuristic,3
100,50,0.9,4,faolp,0,0,0,3,122,0,0,152,0,heuristic,4
100,50,0.9,5,faolp,0,0,0,3,124,0,0,246,0,heuristic,3
100,5,0.3,1,faolp,0,0,0,5,253,0,0,5517,0,heuristic,3606
100,5,0.3,2,faolp,0,0,0,6,226,0,0,12111,0,heuristic,2659
100,5,0.3,3,faolp,0,0,0,4,224,0,0,6857,0,heuristic,305
100,5,0.3,4,faolp,0,0,0,3,226,0,0,9524,0,heuristic,500
100,5,0.3,5,faolp,0,0,0,5,237,0,0,13377,0,heuristic,3605
100,5,0.6,1,faolp,0,0,0,2,152,0,0,1493,0,heuristic,3
100,5,0.6,2,faolp,0,0,0,2,172,0,0,5833,0,heuristic,12
100,5,0.6,3,faolp,0,0,0,2,167,0,0,3684,0,heuristic,4
100,5,0.6,4,faolp,0,0,0,3,164,0,0,4268,0,heuristic,5
100,5,0.6,5,faolp,0,0,0,2,175,0,0,5482,0,heuristic,8
100,5,0.9,1,faolp,0,0,0,2,153,0,0,1090,0,heuristic,2
100,5,0.9,2,faolp,0,0,0,2,137,0,0,3036,0,heuristic,2
100,5,0.9,3,faolp,0,0,0,2,138,0,0,1928,0,heuristic,2
100,5,0.9,4,faolp,0,0,0,3,136,0,0,2779,0,heuristic,3
100,5,0.9,5,faolp,0,0,0,1,139,0,0,1372,0,heuristic,1
150,10,0.3,1,faolp,0,0,0,56,443,0,0,5077,0,heuristic,3656
150,10,0.3,2,faolp,0,0,0,51,428,0,0,12822,0,heuristic,3652
150,10,0.3,3,faolp,0,0,0,65,420,0,0,9052,0,heuristic,3665
150,10,0.3,4,faolp,0,0,0,42,415,0,0,10035,0,heuristic,3643
150,10,0.3,5,faolp,0,0,0,46,419,0,0,13734,0,heuristic,3646
150,10,0.6,1,faolp,0,0,0,42,299,0,0,2623,0,heuristic,2179
150,10,0.6,2,faolp,0,0,0,28,286,0,0,7922,0,heuristic,1019
150,10,0.6,3,faolp,0,0,0,22,303,0,0,3868,0,heuristic,108
150,10,0.6,4,faolp,0,0,0,30,306,0,0,7151,0,heuristic,608
150,10,0.6,5,faolp,0,0,0,21,283,0,0,7469,0,heuristic,217
150,10,0.9,1,faolp,0,0,0,7,219,0,0,460,0,heuristic,8
150,10,0.9,2,faolp,0,0,0,16,215,0,0,2347,0,heuristic,20
150,10,0.9,3,faolp,0,0,0,10,209,0,0,1107,0,heuristic,11
150,10,0.9,4,faolp,0,0,0,18,209,0,0,2489,0,heuristic,19
150,10,0.9,5,faolp,0,0,0,11,229,0,0,2510,0,heuristic,11
150,25,0.3,1,faolp,0,0,0,66,422,0,0,1503,0,heuristic,140
150,25,0.3,2,faolp,0,0,0,63,422,0,0,5565,0,heuristic,117
150,25,0.3,3,faolp,0,0,0,38,386,0,0,2731,0,heuristic,78
150,25,0.3,4,faolp,0,0,0,60,414,0,0,4258,0,heuristic,166
150,25,0.3,5,faolp,0,0,0,63,431,0,0,4562,0,heuristic,212
150,25,0.6,1,faolp,0,0,0,25,334,0,0,1037,0,heuristic,107
150,25,0.6,2,faolp,0,0,0,33,304,0,0,2866,0,heuristic,38
150,25,0.6,3,faolp,0,0,0,30,328,0,0,2585,0,heuristic,61
150,25,0.6,4,faolp,0,0,0,18,296,0,0,2409,0,heuristic,26
150,25,0.6,5,faolp,0,0,0,30,334,0,0,3432,0,heuristic,276
150,25,0.9,1,faolp,0,0,0,11,227,0,0,337,0,heuristic,12
150,25,0.9,2,faolp,0,0,0,12,215,0,0,883,0,heuristic,13
150,25,0.9,3,faolp,0,0,0,11,231,0,0,773,0,heuristic,12
150,25,0.9,4,faolp,0,0,0,10,209,0,0,516,0,heuristic,11
150,25,0.9,5,faolp,0,0,0,11,229,0,0,1210,0,heuristic,12
150,50,0.3,1,faolp,0,0,0,37,297,0,0,697,0,heuristic,39
150,50,0.3,2,faolp,0,0,0,25,307,0,0,2254,0,heuristic,27
150,50,0.3,3,faolp,0,0,0,25,284,0,0,1581,0,heuristic,27
150,50,0.3,4,faolp,0,0,0,23,306,0,0,1882,0,heuristic,25
150,50,0.3,5,faolp,0,0,0,30,317,0,0,2116,0,heuristic,32
150,50,0.6,1,faolp,0,0,0,13,258,0,0,472,0,heuristic,15
150,50,0.6,2,faolp,0,0,0,18,278,0,0,1501,0,heuristic,21
150,50,0.6,3,faolp,0,0,0,17,247,0,0,893,0,heuristic,19
150,50,0.6,4,faolp,0,0,0,20,266,0,0,1516,0,heuristic,22
150,50,0.6,5,faolp,0,0,0,16,244,0,0,1359,0,heuristic,18
150,50,0.9,1,faolp,0,0,0,16,217,0,0,191,0,heuristic,18
150,50,0.9,2,faolp,0,0,0,10,199,0,0,511,0,heuristic,12
150,50,0.9,3,faolp,0,0,0,10,201,0,0,251,0,heuristic,12
150,50,0.9,4,faolp,0,0,0,13,196,0,0,327,0,heuristic,15
150,50,0.9,5,faolp,0,0,0,13,200,0,0,422,0,heuristic,15
150,5,0.3,1,faolp,0,0,0,35,379,0,0,12079,0,heuristic,3635
150,5,0.3,2,faolp,0,0,0,31,343,0,0,28632,0,heuristic,3631
150,5,0.3,3,faolp,0,0,0,20,338,0,0,16166,0,heuristic,3620
150,5,0.3,4,faolp,0,0,0,17,344,0,0,21498,0,heuristic,3618
150,5,0.3,5,faolp,0,0,0,26,363,0,0,31640,0,heuristic,3627
150,5,0.6,1,faolp,0,0,0,8,243,0,0,3221,0,heuristic,12
150,5,0.6,2,faolp,0,0,0,12,264,0,0,13786,0,heuristic,53
150,5,0.6,3,faolp,0,0,0,8,265,0,0,8758,0,heuristic,14
150,5,0.6,4,faolp,0,0,0,15,259,0,0,8728,0,heuristic,22
150,5,0.6,5,faolp,0,0,0,8,273,0,0,14234,0,heuristic,31
150,5,0.9,1,faolp,0,0,0,7,229,0,0,2478,0,heuristic,8
150,5,0.9,2,faolp,0,0,0,9,203,0,0,5207,0,heuristic,9
150,5,0.9,3,faolp,0,0,0,8,212,0,0,3537,0,heuristic,9
150,5,0.9,4,faolp,0,0,0,9,209,0,0,5562,0,heuristic,9
150,5,0.9,5,faolp,0,0,0,5,204,0,0,1690,0,heuristic,5
200,10,0.3,1,faolp,0,0,0,300,612,0,0,9095,0,heuristic,3900
200,10,0.3,2,faolp,0,0,0,230,571,0,0,23598,0,heuristic,3830
200,10,0.3,3,faolp,0,0,0,224,569,0,0,15712,0,heuristic,3825
200,10,0.3,4,faolp,0,0,0,231,561,0,0,18178,0,heuristic,3831
200,10,0.3,5,faolp,0,0,0,401,571,0,0,23185,0,heuristic,4002
200,10,0.6,1,faolp,0,0,0,134,411,0,0,4484,0,heuristic,3734
200,10,0.6,2,faolp,0,0,0,92,381,0,0,13503,0,heuristic,3692
200,10,0.6,3,faolp,0,0,0,93,396,0,0,7705,0,heuristic,1916
200,10,0.6,4,faolp,0,0,0,102,421,0,0,12939,0,heuristic,3702
200,10,0.6,5,faolp,0,0,0,74,398,0,0,13691,0,heuristic,1896
200,10,0.9,1,faolp,0,0,0,25,289,0,0,713,0,heuristic,26
200,10,0.9,2,faolp,0,0,0,55,286,0,0,3924,0,heuristic,69
200,10,0.9,3,faolp,0,0,0,31,285,0,0,2239,0,heuristic,36
200,10,0.9,4,faolp,0,0,0,95,275,0,0,4144,0,heuristic,97
200,10,0.9,5,faolp,0,0,0,31,294,0,0,4010,0,heuristic,35
200,25,0.3,1,faolp,0,0,0,404,649,0,0,2645,0,heuristic,4004
200,25,0.3,2,faolp,0,0,0,287,625,0,0,9075,0,heuristic,3887
200,25,0.3,3,faolp,0,0,0,243,592,0,0,4819,0,heuristic,3843
200,25,0.3,4,faolp,0,0,0,322,634,0,0,7360,0,heuristic,3922
200,25,0.3,5,faolp,0,0,0,335,662,0,0,8240,0,heuristic,3935
200,25,0.6,1,faolp,0,0,0,153,479,0,0,1901,0,heuristic,3753
200,25,0.6,2,faolp,0,0,0,187,428,0,0,5046,0,heuristic,1304
200,25,0.6,3,faolp,0,0,0,171,447,0,0,4076,0,heuristic,3771
200,25,0.6,4,faolp,0,0,0,113,409,0,0,4205,0,heuristic,201
200,25,0.6,5,faolp,0,0,0,207,466,0,0,5692,0,heuristic,3808
200,25,0.9,1,faolp,0,0,0,48,302,0,0,493,0,heuristic,50
200,25,0.9,2,faolp,0,0,0,49,310,0,0,1512,0,heuristic,54
200,25,0.9,3,faolp,0,0,0,36,315,0,0,1256,0,heuristic,43
200,25,0.9,4,faolp,0,0,0,36,291,0,0,777,0,heuristic,39
200,25,0.9,5,faolp,0,0,0,31,309,0,0,1654,0,heuristic,34
200,50,0.3,1,faolp,0,0,0,82,471,0,0,1183,0,heuristic,88
200,50,0.3,2,faolp,0,0,0,133,491,0,0,4100,0,heuristic,139
200,50,0.3,3,faolp,0,0,0,102,425,0,0,2738,0,heuristic,108
200,50,0.3,4,faolp,0,0,0,88,473,0,0,3091,0,heuristic,93
200,50,0.3,5,faolp,0,0,0,135,499,0,0,3667,0,heuristic,147
200,50,0.6,1,faolp,0,0,0,59,407,0,0,859,0,heuristic,65
200,50,0.6,2,faolp,0,0,0,100,419,0,0,2766,0,heuristic,111
200,50,0.6,3,faolp,0,0,0,70,368,0,0,1652,0,heuristic,74
200,50,0.6,4,faolp,0,0,0,108,399,0,0,2507,0,heuristic,114
200,50,0.6,5,faolp,0,0,0,89,372,0,0,2419,0,heuristic,95
200,50,0.9,1,faolp,0,0,0,55,297,0,0,280,0,heuristic,59
200,50,0.9,2,faolp,0,0,0,27,281,0,0,721,0,heuristic,31
200,50,0.9,3,faolp,0,0,0,24,279,0,0,421,0,heuristic,28
200,50,0.9,4,faolp,0,0,0,34,277,0,0,545,0,heuristic,38
200,50,0.9,5,faolp,0,0,0,41,292,0,0,735,0,heuristic,46
200,5,0.3,1,faolp,0,0,0,172,508,0,0,22572,0,heuristic,3772
200,5,0.3,2,faolp,0,0,0,97,470,0,0,51494,0,heuristic,3697
200,5,0.3,3,faolp,0,0,0,158,465,0,0,30311,0,heuristic,3758
200,5,0.3,4,faolp,0,0,0,164,459,0,0,37418,0,heuristic,3764
200,5,0.3,5,faolp,0,0,0,189,481,0,0,56493,0,heuristic,3789
200,5,0.6,1,faolp,0,0,0,69,328,0,0,6099,0,heuristic,84
200,5,0.6,2,faolp,0,0,0,42,351,0,0,24819,0,heuristic,355
200,5,0.6,3,faolp,0,0,0,84,366,0,0,18913,0,heuristic,174
200,5,0.6,4,faolp,0,0,0,94,345,0,0,16116,0,heuristic,119
200,5,0.6,5,faolp,0,0,0,48,361,0,0,27503,0,heuristic,194
200,5,0.9,1,faolp,0,0,0,20,296,0,0,4059,0,heuristic,25
200,5,0.9,2,faolp,0,0,0,24,278,0,0,9446,0,heuristic,26
200,5,0.9,3,faolp,0,0,0,44,282,0,0,5491,0,heuristic,45
200,5,0.9,4,faolp,0,0,0,23,276,0,0,8279,0,heuristic,24
200,5,0.9,5,faolp,0,0,0,9,280,0,0,2862,0,heuristic,10
